KrkResourceButtonURLsID,PriceCatalogURL,TechBulletinURL,IomURL
892,https://www.krack.com/en/commercial-refrigeration/Pages/default.aspx,https://www.krack.com/Technical%20Documents/LACC.pdf,https://www.krack.com/Technical%20Documents/CSCDCPIOM.pdf
893,https://www.krack.com/en/commercial-refrigeration/Pages/default.aspx,https://www.krack.com/Technical%20Documents/LACC.pdf,https://www.krack.com/Technical%20Documents/CSCDCPIOM.pdf
894,https://www.krack.com/en/commercial-refrigeration/Pages/default.aspx,https://www.krack.com/Technical%20Documents/LACC.pdf,https://www.krack.com/Technical%20Documents/CSCDCPIOM.pdf
895,https://www.krack.com/en/commercial-refrigeration/Pages/default.aspx,https://www.krack.com/Technical%20Documents/LACC.pdf,https://www.krack.com/Technical%20Documents/CSCDCPIOM.pdf
896,https://www.krack.com/en/commercial-refrigeration/Pages/default.aspx,https://www.krack.com/Technical%20Documents/LACC.pdf,https://www.krack.com/Technical%20Documents/CSCDCPIOM.pdf
897,https://www.krack.com/en/commercial-refrigeration/Pages/default.aspx,https://www.krack.com/Technical%20Documents/LACC.pdf,https://www.krack.com/Technical%20Documents/CSCDCPIOM.pdf
898,https://www.krack.com/en/commercial-refrigeration/Pages/default.aspx,https://www.krack.com/Technical%20Documents/LACC.pdf,https://www.krack.com/Technical%20Documents/CSCDCPIOM.pdf
899,https://www.krack.com/en/commercial-refrigeration/Pages/default.aspx,https://www.krack.com/Technical%20Documents/LACC.pdf,https://www.krack.com/Technical%20Documents/CSCDCPIOM.pdf
900,https://www.krack.com/en/commercial-refrigeration/Pages/default.aspx,https://www.krack.com/Technical%20Documents/LACC.pdf,https://www.krack.com/Technical%20Documents/CSCDCPIOM.pdf
901,https://www.krack.com/en/commercial-refrigeration/Pages/default.aspx,https://www.krack.com/Technical%20Documents/LACC.pdf,https://www.krack.com/Technical%20Documents/CSCDCPIOM.pdf
902,https://www.krack.com/en/commercial-refrigeration/Pages/default.aspx,https://www.krack.com/Technical%20Documents/LACC.pdf,https://www.krack.com/Technical%20Documents/CSCDCPIOM.pdf
903,https://www.krack.com/en/commercial-refrigeration/Pages/default.aspx,https://www.krack.com/Technical%20Documents/LACC.pdf,https://www.krack.com/Technical%20Documents/CSCDCPIOM.pdf
904,https://www.krack.com/en/commercial-refrigeration/Pages/default.aspx,https://www.krack.com/Technical%20Documents/LACC.pdf,https://www.krack.com/Technical%20Documents/CSCDCPIOM.pdf
905,https://www.krack.com/en/commercial-refrigeration/Pages/default.aspx,https://www.krack.com/Technical%20Documents/LACC.pdf,https://www.krack.com/Technical%20Documents/CSCDCPIOM.pdf
906,https://www.krack.com/en/commercial-refrigeration/Pages/default.aspx,https://www.krack.com/Technical%20Documents/LACC.pdf,https://www.krack.com/Technical%20Documents/CSCDCPIOM.pdf
907,https://www.krack.com/en/commercial-refrigeration/Pages/default.aspx,https://www.krack.com/Technical%20Documents/LACC.pdf,https://www.krack.com/Technical%20Documents/CSCDCPIOM.pdf
908,https://www.krack.com/en/commercial-refrigeration/Pages/default.aspx,https://www.krack.com/Technical%20Documents/LACC.pdf,https://www.krack.com/Technical%20Documents/CSCDCPIOM.pdf
909,https://www.krack.com/en/commercial-refrigeration/Pages/default.aspx,https://www.krack.com/Technical%20Documents/LACC.pdf,https://www.krack.com/Technical%20Documents/CSCDCPIOM.pdf
910,https://www.krack.com/en/commercial-refrigeration/Pages/default.aspx,https://www.krack.com/Technical%20Documents/LACC.pdf,https://www.krack.com/Technical%20Documents/CSCDCPIOM.pdf
911,https://www.krack.com/en/commercial-refrigeration/Pages/default.aspx,https://www.krack.com/Technical%20Documents/LACC.pdf,https://www.krack.com/Technical%20Documents/CSCDCPIOM.pdf
912,https://www.krack.com/en/commercial-refrigeration/Pages/default.aspx,https://www.krack.com/Technical%20Documents/LACC.pdf,https://www.krack.com/Technical%20Documents/CSCDCPIOM.pdf
913,https://www.krack.com/en/commercial-refrigeration/Pages/default.aspx,https://www.krack.com/Technical%20Documents/LACC.pdf,https://www.krack.com/Technical%20Documents/CSCDCPIOM.pdf
914,https://www.krack.com/en/commercial-refrigeration/Pages/default.aspx,https://www.krack.com/Technical%20Documents/LACC.pdf,https://www.krack.com/Technical%20Documents/CSCDCPIOM.pdf
915,https://www.krack.com/en/commercial-refrigeration/Pages/default.aspx,https://www.krack.com/Technical%20Documents/LACC.pdf,https://www.krack.com/Technical%20Documents/CSCDCPIOM.pdf
916,https://www.krack.com/en/commercial-refrigeration/Pages/default.aspx,https://www.krack.com/Technical%20Documents/LACC.pdf,https://www.krack.com/Technical%20Documents/CSCDCPIOM.pdf
917,https://www.krack.com/en/commercial-refrigeration/Pages/default.aspx,https://www.krack.com/Technical%20Documents/LACC.pdf,https://www.krack.com/Technical%20Documents/CSCDCPIOM.pdf
918,https://www.krack.com/en/commercial-refrigeration/Pages/default.aspx,https://www.krack.com/Technical%20Documents/LACC.pdf,https://www.krack.com/Technical%20Documents/CSCDCPIOM.pdf
919,https://www.krack.com/en/commercial-refrigeration/Pages/default.aspx,https://www.krack.com/Technical%20Documents/LACC.pdf,https://www.krack.com/Technical%20Documents/CSCDCPIOM.pdf
920,https://www.krack.com/en/commercial-refrigeration/Pages/default.aspx,https://www.krack.com/Technical%20Documents/LACC.pdf,https://www.krack.com/Technical%20Documents/CSCDCPIOM.pdf
921,https://www.krack.com/en/commercial-refrigeration/Pages/default.aspx,https://www.krack.com/Technical%20Documents/LACC.pdf,https://www.krack.com/Technical%20Documents/CSCDCPIOM.pdf
922,https://www.krack.com/en/commercial-refrigeration/Pages/default.aspx,https://www.krack.com/Technical%20Documents/LACC.pdf,https://www.krack.com/Technical%20Documents/CSCDCPIOM.pdf
923,https://www.krack.com/en/commercial-refrigeration/Pages/default.aspx,https://www.krack.com/Technical%20Documents/LACC.pdf,https://www.krack.com/Technical%20Documents/CSCDCPIOM.pdf
924,https://www.krack.com/en/commercial-refrigeration/Pages/default.aspx,https://www.krack.com/Technical%20Documents/LACC.pdf,https://www.krack.com/Technical%20Documents/CSCDCPIOM.pdf
925,https://www.krack.com/en/commercial-refrigeration/Pages/default.aspx,https://www.krack.com/Technical%20Documents/LACC.pdf,https://www.krack.com/Technical%20Documents/CSCDCPIOM.pdf
926,https://www.krack.com/en/commercial-refrigeration/Pages/default.aspx,https://www.krack.com/Technical%20Documents/LACC.pdf,https://www.krack.com/Technical%20Documents/CSCDCPIOM.pdf
927,https://www.krack.com/en/commercial-refrigeration/Pages/default.aspx,https://www.krack.com/Technical%20Documents/LACC.pdf,https://www.krack.com/Technical%20Documents/CSCDCPIOM.pdf
928,https://www.krack.com/en/commercial-refrigeration/Pages/default.aspx,https://www.krack.com/Technical%20Documents/LACC.pdf,https://www.krack.com/Technical%20Documents/CSCDCPIOM.pdf
929,https://www.krack.com/en/commercial-refrigeration/Pages/default.aspx,https://www.krack.com/Technical%20Documents/LACC.pdf,https://www.krack.com/Technical%20Documents/CSCDCPIOM.pdf
930,https://www.krack.com/en/commercial-refrigeration/Pages/default.aspx,https://www.krack.com/Technical%20Documents/LACC.pdf,https://www.krack.com/Technical%20Documents/CSCDCPIOM.pdf
931,https://www.krack.com/en/commercial-refrigeration/Pages/default.aspx,https://www.krack.com/Technical%20Documents/LACC.pdf,https://www.krack.com/Technical%20Documents/CSCDCPIOM.pdf
932,https://www.krack.com/en/commercial-refrigeration/Pages/default.aspx,https://www.krack.com/Technical%20Documents/LACC.pdf,https://www.krack.com/Technical%20Documents/CSCDCPIOM.pdf
933,https://www.krack.com/en/commercial-refrigeration/Pages/default.aspx,https://www.krack.com/Technical%20Documents/LACC.pdf,https://www.krack.com/Technical%20Documents/CSCDCPIOM.pdf
934,https://www.krack.com/en/commercial-refrigeration/Pages/default.aspx,https://www.krack.com/Technical%20Documents/LACC.pdf,https://www.krack.com/Technical%20Documents/CSCDCPIOM.pdf
935,https://www.krack.com/en/commercial-refrigeration/Pages/default.aspx,https://www.krack.com/Technical%20Documents/LACC.pdf,https://www.krack.com/Technical%20Documents/CSCDCPIOM.pdf
936,https://www.krack.com/en/commercial-refrigeration/Pages/default.aspx,https://www.krack.com/Technical%20Documents/LACC.pdf,https://www.krack.com/Technical%20Documents/CSCDCPIOM.pdf
937,https://www.krack.com/en/commercial-refrigeration/Pages/default.aspx,https://www.krack.com/Technical%20Documents/LACC.pdf,https://www.krack.com/Technical%20Documents/CSCDCPIOM.pdf
938,https://www.krack.com/en/commercial-refrigeration/Pages/default.aspx,https://www.krack.com/Technical%20Documents/LACC.pdf,https://www.krack.com/Technical%20Documents/CSCDCPIOM.pdf
939,https://www.krack.com/en/commercial-refrigeration/Pages/default.aspx,https://www.krack.com/Technical%20Documents/LACC.pdf,https://www.krack.com/Technical%20Documents/CSCDCPIOM.pdf
940,https://www.krack.com/en/commercial-refrigeration/Pages/default.aspx,https://www.krack.com/Technical%20Documents/LACC.pdf,https://www.krack.com/Technical%20Documents/CSCDCPIOM.pdf
941,https://www.krack.com/en/commercial-refrigeration/Pages/default.aspx,https://www.krack.com/Technical%20Documents/LACC.pdf,https://www.krack.com/Technical%20Documents/CSCDCPIOM.pdf
942,https://www.krack.com/en/commercial-refrigeration/Pages/default.aspx,https://www.krack.com/Technical%20Documents/LACC.pdf,https://www.krack.com/Technical%20Documents/CSCDCPIOM.pdf
943,https://www.krack.com/en/commercial-refrigeration/Pages/default.aspx,https://www.krack.com/Technical%20Documents/LACC.pdf,https://www.krack.com/Technical%20Documents/CSCDCPIOM.pdf
944,https://www.krack.com/en/commercial-refrigeration/Pages/default.aspx,https://www.krack.com/Technical%20Documents/LACC.pdf,https://www.krack.com/Technical%20Documents/CSCDCPIOM.pdf
945,https://www.krack.com/en/commercial-refrigeration/Pages/default.aspx,https://www.krack.com/Technical%20Documents/LACC.pdf,https://www.krack.com/Technical%20Documents/CSCDCPIOM.pdf
946,https://www.krack.com/en/commercial-refrigeration/Pages/default.aspx,https://www.krack.com/Technical%20Documents/LACC.pdf,https://www.krack.com/Technical%20Documents/CSCDCPIOM.pdf
947,https://www.krack.com/en/commercial-refrigeration/Pages/default.aspx,https://www.krack.com/Technical%20Documents/LACC.pdf,https://www.krack.com/Technical%20Documents/CSCDCPIOM.pdf
948,https://www.krack.com/en/commercial-refrigeration/Pages/default.aspx,https://www.krack.com/Technical%20Documents/LACC.pdf,https://www.krack.com/Technical%20Documents/CSCDCPIOM.pdf
949,https://www.krack.com/en/commercial-refrigeration/Pages/default.aspx,https://www.krack.com/Technical%20Documents/LACC.pdf,https://www.krack.com/Technical%20Documents/CSCDCPIOM.pdf
950,https://www.krack.com/en/commercial-refrigeration/Pages/default.aspx,https://www.krack.com/Technical%20Documents/LACC.pdf,https://www.krack.com/Technical%20Documents/CSCDCPIOM.pdf
951,https://www.krack.com/en/commercial-refrigeration/Pages/default.aspx,https://www.krack.com/Technical%20Documents/LACC.pdf,https://www.krack.com/Technical%20Documents/CSCDCPIOM.pdf
952,https://www.krack.com/en/commercial-refrigeration/Pages/default.aspx,https://www.krack.com/Technical%20Documents/LACC.pdf,https://www.krack.com/Technical%20Documents/CSCDCPIOM.pdf
953,https://www.krack.com/en/commercial-refrigeration/Pages/default.aspx,https://www.krack.com/Technical%20Documents/LACC.pdf,https://www.krack.com/Technical%20Documents/CSCDCPIOM.pdf
954,https://www.krack.com/en/commercial-refrigeration/Pages/default.aspx,https://www.krack.com/Technical%20Documents/LACC.pdf,https://www.krack.com/Technical%20Documents/CSCDCPIOM.pdf
955,https://www.krack.com/en/commercial-refrigeration/Pages/default.aspx,https://www.krack.com/Technical%20Documents/LACC.pdf,https://www.krack.com/Technical%20Documents/CSCDCPIOM.pdf
956,https://www.krack.com/en/commercial-refrigeration/Pages/default.aspx,https://www.krack.com/Technical%20Documents/LACC.pdf,https://www.krack.com/Technical%20Documents/CSCDCPIOM.pdf
957,https://www.krack.com/en/commercial-refrigeration/Pages/default.aspx,https://www.krack.com/Technical%20Documents/LACC.pdf,https://www.krack.com/Technical%20Documents/CSCDCPIOM.pdf
958,https://www.krack.com/en/commercial-refrigeration/Pages/default.aspx,https://www.krack.com/Technical%20Documents/LACC.pdf,https://www.krack.com/Technical%20Documents/CSCDCPIOM.pdf
959,https://www.krack.com/en/commercial-refrigeration/Pages/default.aspx,https://www.krack.com/Technical%20Documents/LACC.pdf,https://www.krack.com/Technical%20Documents/CSCDCPIOM.pdf
960,https://www.krack.com/en/commercial-refrigeration/Pages/default.aspx,https://www.krack.com/Technical%20Documents/LACC.pdf,https://www.krack.com/Technical%20Documents/CSCDCPIOM.pdf
961,https://www.krack.com/en/commercial-refrigeration/Pages/default.aspx,https://www.krack.com/Technical%20Documents/LACC.pdf,https://www.krack.com/Technical%20Documents/CSCDCPIOM.pdf
962,https://www.krack.com/en/commercial-refrigeration/Pages/default.aspx,https://www.krack.com/Technical%20Documents/LACC.pdf,https://www.krack.com/Technical%20Documents/CSCDCPIOM.pdf
963,https://www.krack.com/en/commercial-refrigeration/Pages/default.aspx,https://www.krack.com/Technical%20Documents/LACC.pdf,https://www.krack.com/Technical%20Documents/CSCDCPIOM.pdf
964,https://www.krack.com/en/commercial-refrigeration/Pages/default.aspx,https://www.krack.com/Technical%20Documents/LACC.pdf,https://www.krack.com/Technical%20Documents/CSCDCPIOM.pdf
965,https://www.krack.com/en/commercial-refrigeration/Pages/default.aspx,https://www.krack.com/Technical%20Documents/LACC.pdf,https://www.krack.com/Technical%20Documents/CSCDCPIOM.pdf
966,https://www.krack.com/en/commercial-refrigeration/Pages/default.aspx,https://www.krack.com/Technical%20Documents/LACC.pdf,https://www.krack.com/Technical%20Documents/CSCDCPIOM.pdf
967,https://www.krack.com/en/commercial-refrigeration/Pages/default.aspx,https://www.krack.com/Technical%20Documents/LACC.pdf,https://www.krack.com/Technical%20Documents/CSCDCPIOM.pdf
968,https://www.krack.com/en/commercial-refrigeration/Pages/default.aspx,https://www.krack.com/Technical%20Documents/LACC.pdf,https://www.krack.com/Technical%20Documents/CSCDCPIOM.pdf
969,https://www.krack.com/en/commercial-refrigeration/Pages/default.aspx,https://www.krack.com/Technical%20Documents/LACC.pdf,https://www.krack.com/Technical%20Documents/CSCDCPIOM.pdf
970,https://www.krack.com/en/commercial-refrigeration/Pages/default.aspx,https://www.krack.com/Technical%20Documents/LACC.pdf,https://www.krack.com/Technical%20Documents/CSCDCPIOM.pdf
971,https://www.krack.com/en/commercial-refrigeration/Pages/default.aspx,https://www.krack.com/Technical%20Documents/LACC.pdf,https://www.krack.com/Technical%20Documents/CSCDCPIOM.pdf
972,https://www.krack.com/en/commercial-refrigeration/Pages/default.aspx,https://www.krack.com/Technical%20Documents/LACC.pdf,https://www.krack.com/Technical%20Documents/CSCDCPIOM.pdf
973,https://www.krack.com/en/commercial-refrigeration/Pages/default.aspx,https://www.krack.com/Technical%20Documents/LACC.pdf,https://www.krack.com/Technical%20Documents/CSCDCPIOM.pdf
974,https://www.krack.com/en/commercial-refrigeration/Pages/default.aspx,https://www.krack.com/Technical%20Documents/LACC.pdf,https://www.krack.com/Technical%20Documents/CSCDCPIOM.pdf
975,https://www.krack.com/en/commercial-refrigeration/Pages/default.aspx,https://www.krack.com/Technical%20Documents/LACC.pdf,https://www.krack.com/Technical%20Documents/CSCDCPIOM.pdf
976,https://www.krack.com/en/commercial-refrigeration/Pages/default.aspx,https://www.krack.com/Technical%20Documents/LACC.pdf,https://www.krack.com/Technical%20Documents/CSCDCPIOM.pdf
977,https://www.krack.com/en/commercial-refrigeration/Pages/default.aspx,https://www.krack.com/Technical%20Documents/LACC.pdf,https://www.krack.com/Technical%20Documents/CSCDCPIOM.pdf
978,https://www.krack.com/en/commercial-refrigeration/Pages/default.aspx,https://www.krack.com/Technical%20Documents/LACC.pdf,https://www.krack.com/Technical%20Documents/CSCDCPIOM.pdf
979,https://www.krack.com/en/commercial-refrigeration/Pages/default.aspx,https://www.krack.com/Technical%20Documents/LACC.pdf,https://www.krack.com/Technical%20Documents/CSCDCPIOM.pdf
980,https://www.krack.com/en/commercial-refrigeration/Pages/default.aspx,https://www.krack.com/Technical%20Documents/LACC.pdf,https://www.krack.com/Technical%20Documents/CSCDCPIOM.pdf
981,https://www.krack.com/en/commercial-refrigeration/Pages/default.aspx,https://www.krack.com/Technical%20Documents/LACC.pdf,https://www.krack.com/Technical%20Documents/CSCDCPIOM.pdf
982,https://www.krack.com/en/commercial-refrigeration/Pages/default.aspx,https://www.krack.com/Technical%20Documents/LACC.pdf,https://www.krack.com/Technical%20Documents/CSCDCPIOM.pdf
983,https://www.krack.com/en/commercial-refrigeration/Pages/default.aspx,https://www.krack.com/Technical%20Documents/LACC.pdf,https://www.krack.com/Technical%20Documents/CSCDCPIOM.pdf
984,https://www.krack.com/en/commercial-refrigeration/Pages/default.aspx,https://www.krack.com/Technical%20Documents/LACC.pdf,https://www.krack.com/Technical%20Documents/CSCDCPIOM.pdf
985,https://www.krack.com/en/commercial-refrigeration/Pages/default.aspx,https://www.krack.com/Technical%20Documents/LACC.pdf,https://www.krack.com/Technical%20Documents/CSCDCPIOM.pdf
986,https://www.krack.com/en/commercial-refrigeration/Pages/default.aspx,https://www.krack.com/Technical%20Documents/LACC.pdf,https://www.krack.com/Technical%20Documents/CSCDCPIOM.pdf
987,https://www.krack.com/en/commercial-refrigeration/Pages/default.aspx,https://www.krack.com/Technical%20Documents/LACC.pdf,https://www.krack.com/Technical%20Documents/CSCDCPIOM.pdf
988,https://www.krack.com/en/commercial-refrigeration/Pages/default.aspx,https://www.krack.com/Technical%20Documents/LACC.pdf,https://www.krack.com/Technical%20Documents/CSCDCPIOM.pdf
989,https://www.krack.com/en/commercial-refrigeration/Pages/default.aspx,https://www.krack.com/Technical%20Documents/LACC.pdf,https://www.krack.com/Technical%20Documents/CSCDCPIOM.pdf
990,https://www.krack.com/en/commercial-refrigeration/Pages/default.aspx,https://www.krack.com/Technical%20Documents/LACC.pdf,https://www.krack.com/Technical%20Documents/CSCDCPIOM.pdf
991,https://www.krack.com/en/commercial-refrigeration/Pages/default.aspx,https://www.krack.com/Technical%20Documents/LACC.pdf,https://www.krack.com/Technical%20Documents/CSCDCPIOM.pdf
992,https://www.krack.com/en/commercial-refrigeration/Pages/default.aspx,https://www.krack.com/Technical%20Documents/LACC.pdf,https://www.krack.com/Technical%20Documents/CSCDCPIOM.pdf
993,https://www.krack.com/en/commercial-refrigeration/Pages/default.aspx,https://www.krack.com/Technical%20Documents/LACC.pdf,https://www.krack.com/Technical%20Documents/CSCDCPIOM.pdf
994,https://www.krack.com/en/commercial-refrigeration/Pages/default.aspx,https://www.krack.com/Technical%20Documents/LACC.pdf,https://www.krack.com/Technical%20Documents/CSCDCPIOM.pdf
995,https://www.krack.com/en/commercial-refrigeration/Pages/default.aspx,https://www.krack.com/Technical%20Documents/LACC.pdf,https://www.krack.com/Technical%20Documents/CSCDCPIOM.pdf
996,https://www.krack.com/en/commercial-refrigeration/Pages/default.aspx,https://www.krack.com/Technical%20Documents/LACC.pdf,https://www.krack.com/Technical%20Documents/CSCDCPIOM.pdf
997,https://www.krack.com/en/commercial-refrigeration/Pages/default.aspx,https://www.krack.com/Technical%20Documents/LACC.pdf,https://www.krack.com/Technical%20Documents/CSCDCPIOM.pdf
998,https://www.krack.com/en/commercial-refrigeration/Pages/default.aspx,https://www.krack.com/Technical%20Documents/LACC.pdf,https://www.krack.com/Technical%20Documents/CSCDCPIOM.pdf
999,https://www.krack.com/en/commercial-refrigeration/Pages/default.aspx,https://www.krack.com/Technical%20Documents/LACC.pdf,https://www.krack.com/Technical%20Documents/CSCDCPIOM.pdf
1000,https://www.krack.com/en/commercial-refrigeration/Pages/default.aspx,https://www.krack.com/Technical%20Documents/LACC.pdf,https://www.krack.com/Technical%20Documents/CSCDCPIOM.pdf
1001,https://www.krack.com/en/commercial-refrigeration/Pages/default.aspx,https://www.krack.com/Technical%20Documents/LACC.pdf,https://www.krack.com/Technical%20Documents/CSCDCPIOM.pdf
1002,https://www.krack.com/en/commercial-refrigeration/Pages/default.aspx,https://www.krack.com/Technical%20Documents/LACC.pdf,https://www.krack.com/Technical%20Documents/CSCDCPIOM.pdf
1003,https://www.krack.com/en/commercial-refrigeration/Pages/default.aspx,https://www.krack.com/Technical%20Documents/LACC.pdf,https://www.krack.com/Technical%20Documents/CSCDCPIOM.pdf
1004,https://www.krack.com/en/commercial-refrigeration/Pages/default.aspx,https://www.krack.com/Technical%20Documents/LACC.pdf,https://www.krack.com/Technical%20Documents/CSCDCPIOM.pdf
1005,https://www.krack.com/en/commercial-refrigeration/Pages/default.aspx,https://www.krack.com/Technical%20Documents/LACC.pdf,https://www.krack.com/Technical%20Documents/CSCDCPIOM.pdf
1006,https://www.krack.com/en/commercial-refrigeration/Pages/default.aspx,https://www.krack.com/Technical%20Documents/LACC.pdf,https://www.krack.com/Technical%20Documents/CSCDCPIOM.pdf
1007,https://www.krack.com/en/commercial-refrigeration/Pages/default.aspx,https://www.krack.com/Technical%20Documents/LACC.pdf,https://www.krack.com/Technical%20Documents/CSCDCPIOM.pdf
1008,https://www.krack.com/en/commercial-refrigeration/Pages/default.aspx,https://www.krack.com/Technical%20Documents/LACC.pdf,https://www.krack.com/Technical%20Documents/CSCDCPIOM.pdf
1009,https://www.krack.com/en/commercial-refrigeration/Pages/default.aspx,https://www.krack.com/Technical%20Documents/LACC.pdf,https://www.krack.com/Technical%20Documents/CSCDCPIOM.pdf
1010,https://www.krack.com/en/commercial-refrigeration/Pages/default.aspx,https://www.krack.com/Technical%20Documents/LACC.pdf,https://www.krack.com/Technical%20Documents/CSCDCPIOM.pdf
1011,https://www.krack.com/en/commercial-refrigeration/Pages/default.aspx,https://www.krack.com/Technical%20Documents/LACC.pdf,https://www.krack.com/Technical%20Documents/CSCDCPIOM.pdf
1012,https://www.krack.com/en/commercial-refrigeration/Pages/default.aspx,https://www.krack.com/Technical%20Documents/LACC.pdf,https://www.krack.com/Technical%20Documents/CSCDCPIOM.pdf
1013,https://www.krack.com/en/commercial-refrigeration/Pages/default.aspx,https://www.krack.com/Technical%20Documents/LACC.pdf,https://www.krack.com/Technical%20Documents/CSCDCPIOM.pdf
1014,https://www.krack.com/en/commercial-refrigeration/Pages/default.aspx,https://www.krack.com/Technical%20Documents/LACC.pdf,https://www.krack.com/Technical%20Documents/CSCDCPIOM.pdf
1015,https://www.krack.com/en/commercial-refrigeration/Pages/default.aspx,https://www.krack.com/Technical%20Documents/LACC.pdf,https://www.krack.com/Technical%20Documents/CSCDCPIOM.pdf
1016,https://www.krack.com/en/commercial-refrigeration/Pages/default.aspx,https://www.krack.com/Technical%20Documents/LACC.pdf,https://www.krack.com/Technical%20Documents/CSCDCPIOM.pdf
1017,https://www.krack.com/en/commercial-refrigeration/Pages/default.aspx,https://www.krack.com/Technical%20Documents/LACC.pdf,https://www.krack.com/Technical%20Documents/CSCDCPIOM.pdf
1018,https://www.krack.com/en/commercial-refrigeration/Pages/default.aspx,https://www.krack.com/Technical%20Documents/LACC.pdf,https://www.krack.com/Technical%20Documents/CSCDCPIOM.pdf
1019,https://www.krack.com/en/commercial-refrigeration/Pages/default.aspx,https://www.krack.com/Technical%20Documents/LACC.pdf,https://www.krack.com/Technical%20Documents/CSCDCPIOM.pdf
1020,https://www.krack.com/en/commercial-refrigeration/Pages/default.aspx,https://www.krack.com/Technical%20Documents/LACC.pdf,https://www.krack.com/Technical%20Documents/CSCDCPIOM.pdf
1021,https://www.krack.com/en/commercial-refrigeration/Pages/default.aspx,https://www.krack.com/Technical%20Documents/LACC.pdf,https://www.krack.com/Technical%20Documents/CSCDCPIOM.pdf
1022,https://www.krack.com/en/commercial-refrigeration/Pages/default.aspx,https://www.krack.com/Technical%20Documents/LACC.pdf,https://www.krack.com/Technical%20Documents/CSCDCPIOM.pdf
1023,https://www.krack.com/en/commercial-refrigeration/Pages/default.aspx,https://www.krack.com/Technical%20Documents/LACC.pdf,https://www.krack.com/Technical%20Documents/CSCDCPIOM.pdf
1024,https://www.krack.com/en/commercial-refrigeration/Pages/default.aspx,https://www.krack.com/Technical%20Documents/LACC.pdf,https://www.krack.com/Technical%20Documents/CSCDCPIOM.pdf
1025,https://www.krack.com/en/commercial-refrigeration/Pages/default.aspx,https://www.krack.com/Technical%20Documents/LACC.pdf,https://www.krack.com/Technical%20Documents/CSCDCPIOM.pdf
1026,https://www.krack.com/en/commercial-refrigeration/Pages/default.aspx,https://www.krack.com/Technical%20Documents/LACC.pdf,https://www.krack.com/Technical%20Documents/CSCDCPIOM.pdf
1027,https://www.krack.com/en/commercial-refrigeration/Pages/default.aspx,https://www.krack.com/Technical%20Documents/LACC.pdf,https://www.krack.com/Technical%20Documents/CSCDCPIOM.pdf
1028,https://www.krack.com/en/commercial-refrigeration/Pages/default.aspx,https://www.krack.com/Technical%20Documents/LACC.pdf,https://www.krack.com/Technical%20Documents/CSCDCPIOM.pdf
1029,https://www.krack.com/en/commercial-refrigeration/Pages/default.aspx,https://www.krack.com/Technical%20Documents/LACC.pdf,https://www.krack.com/Technical%20Documents/CSCDCPIOM.pdf
1030,https://www.krack.com/en/commercial-refrigeration/Pages/default.aspx,https://www.krack.com/Technical%20Documents/LACC.pdf,https://www.krack.com/Technical%20Documents/CSCDCPIOM.pdf
1031,https://www.krack.com/en/commercial-refrigeration/Pages/default.aspx,https://www.krack.com/Technical%20Documents/LACC.pdf,https://www.krack.com/Technical%20Documents/CSCDCPIOM.pdf
1032,https://www.krack.com/en/commercial-refrigeration/Pages/default.aspx,https://www.krack.com/Technical%20Documents/LACC.pdf,https://www.krack.com/Technical%20Documents/CSCDCPIOM.pdf
1033,https://www.krack.com/en/commercial-refrigeration/Pages/default.aspx,https://www.krack.com/Technical%20Documents/LACC.pdf,https://www.krack.com/Technical%20Documents/CSCDCPIOM.pdf
1034,https://www.krack.com/en/commercial-refrigeration/Pages/default.aspx,https://www.krack.com/Technical%20Documents/LACC.pdf,https://www.krack.com/Technical%20Documents/CSCDCPIOM.pdf
1035,https://www.krack.com/en/commercial-refrigeration/Pages/default.aspx,https://www.krack.com/Technical%20Documents/LACC.pdf,https://www.krack.com/Technical%20Documents/CSCDCPIOM.pdf
1036,https://www.krack.com/en/commercial-refrigeration/Pages/default.aspx,https://www.krack.com/Technical%20Documents/LACC.pdf,https://www.krack.com/Technical%20Documents/CSCDCPIOM.pdf
1037,https://www.krack.com/en/commercial-refrigeration/Pages/default.aspx,https://www.krack.com/Technical%20Documents/LACC.pdf,https://www.krack.com/Technical%20Documents/CSCDCPIOM.pdf
1038,https://www.krack.com/en/commercial-refrigeration/Pages/default.aspx,https://www.krack.com/Technical%20Documents/LACC.pdf,https://www.krack.com/Technical%20Documents/CSCDCPIOM.pdf
1039,https://www.krack.com/en/commercial-refrigeration/Pages/default.aspx,https://www.krack.com/Technical%20Documents/LACC.pdf,https://www.krack.com/Technical%20Documents/CSCDCPIOM.pdf
1040,https://www.krack.com/en/commercial-refrigeration/Pages/default.aspx,https://www.krack.com/Technical%20Documents/LACC.pdf,https://www.krack.com/Technical%20Documents/CSCDCPIOM.pdf
1041,https://www.krack.com/en/commercial-refrigeration/Pages/default.aspx,https://www.krack.com/Technical%20Documents/LACC.pdf,https://www.krack.com/Technical%20Documents/CSCDCPIOM.pdf
1042,https://www.krack.com/en/commercial-refrigeration/Pages/default.aspx,https://www.krack.com/Technical%20Documents/LACC.pdf,https://www.krack.com/Technical%20Documents/CSCDCPIOM.pdf
1043,https://www.krack.com/en/commercial-refrigeration/Pages/default.aspx,https://www.krack.com/Technical%20Documents/LACC.pdf,https://www.krack.com/Technical%20Documents/CSCDCPIOM.pdf
1044,https://www.krack.com/en/commercial-refrigeration/Pages/default.aspx,https://www.krack.com/Technical%20Documents/LACC.pdf,https://www.krack.com/Technical%20Documents/CSCDCPIOM.pdf
1045,https://www.krack.com/en/commercial-refrigeration/Pages/default.aspx,https://www.krack.com/Technical%20Documents/LACC.pdf,https://www.krack.com/Technical%20Documents/CSCDCPIOM.pdf
1046,https://www.krack.com/en/commercial-refrigeration/Pages/default.aspx,https://www.krack.com/Technical%20Documents/LACC.pdf,https://www.krack.com/Technical%20Documents/CSCDCPIOM.pdf
1047,https://www.krack.com/en/commercial-refrigeration/Pages/default.aspx,https://www.krack.com/Technical%20Documents/LACC.pdf,https://www.krack.com/Technical%20Documents/CSCDCPIOM.pdf
1048,https://www.krack.com/en/commercial-refrigeration/Pages/default.aspx,https://www.krack.com/Technical%20Documents/LACC.pdf,https://www.krack.com/Technical%20Documents/CSCDCPIOM.pdf
1049,https://www.krack.com/en/commercial-refrigeration/Pages/default.aspx,https://www.krack.com/Technical%20Documents/LACC.pdf,https://www.krack.com/Technical%20Documents/CSCDCPIOM.pdf
1050,https://www.krack.com/en/commercial-refrigeration/Pages/default.aspx,https://www.krack.com/Technical%20Documents/LACC.pdf,https://www.krack.com/Technical%20Documents/CSCDCPIOM.pdf
1051,https://www.krack.com/en/commercial-refrigeration/Pages/default.aspx,https://www.krack.com/Technical%20Documents/LACC.pdf,https://www.krack.com/Technical%20Documents/CSCDCPIOM.pdf
1052,https://www.krack.com/en/commercial-refrigeration/Pages/default.aspx,https://www.krack.com/Technical%20Documents/LACC.pdf,https://www.krack.com/Technical%20Documents/CSCDCPIOM.pdf
1053,https://www.krack.com/en/commercial-refrigeration/Pages/default.aspx,https://www.krack.com/Technical%20Documents/LACC.pdf,https://www.krack.com/Technical%20Documents/CSCDCPIOM.pdf
1054,https://www.krack.com/en/commercial-refrigeration/Pages/default.aspx,https://www.krack.com/Technical%20Documents/LACC.pdf,https://www.krack.com/Technical%20Documents/CSCDCPIOM.pdf
1055,https://www.krack.com/en/commercial-refrigeration/Pages/default.aspx,https://www.krack.com/Technical%20Documents/LACC.pdf,https://www.krack.com/Technical%20Documents/CSCDCPIOM.pdf
1056,https://www.krack.com/en/commercial-refrigeration/Pages/default.aspx,https://www.krack.com/Technical%20Documents/LACC.pdf,https://www.krack.com/Technical%20Documents/CSCDCPIOM.pdf
1057,https://www.krack.com/en/commercial-refrigeration/Pages/default.aspx,https://www.krack.com/Technical%20Documents/LACC.pdf,https://www.krack.com/Technical%20Documents/CSCDCPIOM.pdf
1058,https://www.krack.com/en/commercial-refrigeration/Pages/default.aspx,https://www.krack.com/Technical%20Documents/LACC.pdf,https://www.krack.com/Technical%20Documents/CSCDCPIOM.pdf
1059,https://www.krack.com/en/commercial-refrigeration/Pages/default.aspx,https://www.krack.com/Technical%20Documents/LACC.pdf,https://www.krack.com/Technical%20Documents/CSCDCPIOM.pdf
1060,https://www.krack.com/en/commercial-refrigeration/Pages/default.aspx,https://www.krack.com/Technical%20Documents/LACC.pdf,https://www.krack.com/Technical%20Documents/CSCDCPIOM.pdf
1061,https://www.krack.com/en/commercial-refrigeration/Pages/default.aspx,https://www.krack.com/Technical%20Documents/LACC.pdf,https://www.krack.com/Technical%20Documents/CSCDCPIOM.pdf
1062,https://www.krack.com/en/commercial-refrigeration/Pages/default.aspx,https://www.krack.com/Technical%20Documents/LACC.pdf,https://www.krack.com/Technical%20Documents/CSCDCPIOM.pdf
1063,https://www.krack.com/en/commercial-refrigeration/Pages/default.aspx,https://www.krack.com/Technical%20Documents/LACC.pdf,https://www.krack.com/Technical%20Documents/CSCDCPIOM.pdf
1064,https://www.krack.com/en/commercial-refrigeration/Pages/default.aspx,https://www.krack.com/Technical%20Documents/LACC.pdf,https://www.krack.com/Technical%20Documents/CSCDCPIOM.pdf
1065,https://www.krack.com/en/commercial-refrigeration/Pages/default.aspx,https://www.krack.com/Technical%20Documents/LACC.pdf,https://www.krack.com/Technical%20Documents/CSCDCPIOM.pdf
1066,https://www.krack.com/en/commercial-refrigeration/Pages/default.aspx,https://www.krack.com/Technical%20Documents/LACC.pdf,https://www.krack.com/Technical%20Documents/CSCDCPIOM.pdf
1067,https://www.krack.com/en/commercial-refrigeration/Pages/default.aspx,https://www.krack.com/Technical%20Documents/LACC.pdf,https://www.krack.com/Technical%20Documents/CSCDCPIOM.pdf
1068,https://www.krack.com/en/commercial-refrigeration/Pages/default.aspx,https://www.krack.com/Technical%20Documents/LACC.pdf,https://www.krack.com/Technical%20Documents/CSCDCPIOM.pdf
1069,https://www.krack.com/en/commercial-refrigeration/Pages/default.aspx,https://www.krack.com/Technical%20Documents/LACC.pdf,https://www.krack.com/Technical%20Documents/CSCDCPIOM.pdf
1070,https://www.krack.com/en/commercial-refrigeration/Pages/default.aspx,https://www.krack.com/Technical%20Documents/LACC.pdf,https://www.krack.com/Technical%20Documents/CSCDCPIOM.pdf
1071,https://www.krack.com/en/commercial-refrigeration/Pages/default.aspx,https://www.krack.com/Technical%20Documents/LACC.pdf,https://www.krack.com/Technical%20Documents/CSCDCPIOM.pdf
1072,https://www.krack.com/en/commercial-refrigeration/Pages/default.aspx,https://www.krack.com/Technical%20Documents/LACC.pdf,https://www.krack.com/Technical%20Documents/CSCDCPIOM.pdf
1073,https://www.krack.com/en/commercial-refrigeration/Pages/default.aspx,https://www.krack.com/Technical%20Documents/LACC.pdf,https://www.krack.com/Technical%20Documents/CSCDCPIOM.pdf
1074,https://www.krack.com/en/commercial-refrigeration/Pages/default.aspx,https://www.krack.com/Technical%20Documents/LACC.pdf,https://www.krack.com/Technical%20Documents/CSCDCPIOM.pdf
1075,https://www.krack.com/en/commercial-refrigeration/Pages/default.aspx,https://www.krack.com/Technical%20Documents/LACC.pdf,https://www.krack.com/Technical%20Documents/CSCDCPIOM.pdf
1076,https://www.krack.com/en/commercial-refrigeration/Pages/default.aspx,https://www.krack.com/Technical%20Documents/LACC.pdf,https://www.krack.com/Technical%20Documents/CSCDCPIOM.pdf
1077,https://www.krack.com/en/commercial-refrigeration/Pages/default.aspx,https://www.krack.com/Technical%20Documents/LACC.pdf,https://www.krack.com/Technical%20Documents/CSCDCPIOM.pdf
1078,https://www.krack.com/en/commercial-refrigeration/Pages/default.aspx,https://www.krack.com/Technical%20Documents/LACC.pdf,https://www.krack.com/Technical%20Documents/CSCDCPIOM.pdf
1079,https://www.krack.com/en/commercial-refrigeration/Pages/default.aspx,https://www.krack.com/Technical%20Documents/LACC.pdf,https://www.krack.com/Technical%20Documents/CSCDCPIOM.pdf
1080,https://www.krack.com/en/commercial-refrigeration/Pages/default.aspx,https://www.krack.com/Technical%20Documents/LACC.pdf,https://www.krack.com/Technical%20Documents/CSCDCPIOM.pdf
1081,https://www.krack.com/en/commercial-refrigeration/Pages/default.aspx,https://www.krack.com/Technical%20Documents/LACC.pdf,https://www.krack.com/Technical%20Documents/CSCDCPIOM.pdf
1082,https://www.krack.com/en/commercial-refrigeration/Pages/default.aspx,https://www.krack.com/Technical%20Documents/LACC.pdf,https://www.krack.com/Technical%20Documents/CSCDCPIOM.pdf
1083,https://www.krack.com/en/commercial-refrigeration/Pages/default.aspx,https://www.krack.com/Technical%20Documents/LACC.pdf,https://www.krack.com/Technical%20Documents/CSCDCPIOM.pdf
1084,https://www.krack.com/en/commercial-refrigeration/Pages/default.aspx,https://www.krack.com/Technical%20Documents/LACC.pdf,https://www.krack.com/Technical%20Documents/CSCDCPIOM.pdf
1085,https://www.krack.com/en/commercial-refrigeration/Pages/default.aspx,https://www.krack.com/Technical%20Documents/LACC.pdf,https://www.krack.com/Technical%20Documents/CSCDCPIOM.pdf
1086,https://www.krack.com/en/commercial-refrigeration/Pages/default.aspx,https://www.krack.com/Technical%20Documents/LACC.pdf,https://www.krack.com/Technical%20Documents/CSCDCPIOM.pdf
1087,https://www.krack.com/en/commercial-refrigeration/Pages/default.aspx,https://www.krack.com/Technical%20Documents/LACC.pdf,https://www.krack.com/Technical%20Documents/CSCDCPIOM.pdf
1088,https://www.krack.com/en/commercial-refrigeration/Pages/default.aspx,https://www.krack.com/Technical%20Documents/LACC.pdf,https://www.krack.com/Technical%20Documents/CSCDCPIOM.pdf
1089,https://www.krack.com/en/commercial-refrigeration/Pages/default.aspx,https://www.krack.com/Technical%20Documents/LACC.pdf,https://www.krack.com/Technical%20Documents/CSCDCPIOM.pdf
1090,https://www.krack.com/en/commercial-refrigeration/Pages/default.aspx,https://www.krack.com/Technical%20Documents/LACC.pdf,https://www.krack.com/Technical%20Documents/CSCDCPIOM.pdf
1091,https://www.krack.com/en/commercial-refrigeration/Pages/default.aspx,https://www.krack.com/Technical%20Documents/LACC.pdf,https://www.krack.com/Technical%20Documents/CSCDCPIOM.pdf
1092,https://www.krack.com/en/commercial-refrigeration/Pages/default.aspx,https://www.krack.com/Technical%20Documents/LACC.pdf,https://www.krack.com/Technical%20Documents/CSCDCPIOM.pdf
1093,https://www.krack.com/en/commercial-refrigeration/Pages/default.aspx,https://www.krack.com/Technical%20Documents/LACC.pdf,https://www.krack.com/Technical%20Documents/CSCDCPIOM.pdf
1094,https://www.krack.com/en/commercial-refrigeration/Pages/default.aspx,https://www.krack.com/Technical%20Documents/LACC.pdf,https://www.krack.com/Technical%20Documents/CSCDCPIOM.pdf
1095,https://www.krack.com/en/commercial-refrigeration/Pages/default.aspx,https://www.krack.com/Technical%20Documents/LACC.pdf,https://www.krack.com/Technical%20Documents/CSCDCPIOM.pdf
1096,https://www.krack.com/en/commercial-refrigeration/Pages/default.aspx,https://www.krack.com/Technical%20Documents/LACC.pdf,https://www.krack.com/Technical%20Documents/CSCDCPIOM.pdf
1097,https://www.krack.com/en/commercial-refrigeration/Pages/default.aspx,https://www.krack.com/Technical%20Documents/LACC.pdf,https://www.krack.com/Technical%20Documents/CSCDCPIOM.pdf
1098,https://www.krack.com/en/commercial-refrigeration/Pages/default.aspx,https://www.krack.com/Technical%20Documents/LACC.pdf,https://www.krack.com/Technical%20Documents/CSCDCPIOM.pdf
1099,https://www.krack.com/en/commercial-refrigeration/Pages/default.aspx,https://www.krack.com/Technical%20Documents/LACC.pdf,https://www.krack.com/Technical%20Documents/CSCDCPIOM.pdf
1100,https://www.krack.com/en/commercial-refrigeration/Pages/default.aspx,https://www.krack.com/Technical%20Documents/LACC.pdf,https://www.krack.com/Technical%20Documents/CSCDCPIOM.pdf
1101,https://www.krack.com/en/commercial-refrigeration/Pages/default.aspx,https://www.krack.com/Technical%20Documents/LACC.pdf,https://www.krack.com/Technical%20Documents/CSCDCPIOM.pdf
1102,https://www.krack.com/en/commercial-refrigeration/Pages/default.aspx,https://www.krack.com/Technical%20Documents/LACC.pdf,https://www.krack.com/Technical%20Documents/CSCDCPIOM.pdf
1103,https://www.krack.com/en/commercial-refrigeration/Pages/default.aspx,https://www.krack.com/Technical%20Documents/LACC.pdf,https://www.krack.com/Technical%20Documents/CSCDCPIOM.pdf
1104,https://www.krack.com/en/commercial-refrigeration/Pages/default.aspx,https://www.krack.com/Technical%20Documents/LACC.pdf,https://www.krack.com/Technical%20Documents/CSCDCPIOM.pdf
1105,https://www.krack.com/en/commercial-refrigeration/Pages/default.aspx,https://www.krack.com/Technical%20Documents/LACC.pdf,https://www.krack.com/Technical%20Documents/CSCDCPIOM.pdf
1106,https://www.krack.com/en/commercial-refrigeration/Pages/default.aspx,https://www.krack.com/Technical%20Documents/LACC.pdf,https://www.krack.com/Technical%20Documents/CSCDCPIOM.pdf
1107,https://www.krack.com/en/commercial-refrigeration/Pages/default.aspx,https://www.krack.com/Technical%20Documents/LACC.pdf,https://www.krack.com/Technical%20Documents/CSCDCPIOM.pdf
1108,https://www.krack.com/en/commercial-refrigeration/Pages/default.aspx,https://www.krack.com/Technical%20Documents/LACC.pdf,https://www.krack.com/Technical%20Documents/CSCDCPIOM.pdf
1109,https://www.krack.com/en/commercial-refrigeration/Pages/default.aspx,https://www.krack.com/Technical%20Documents/LACC.pdf,https://www.krack.com/Technical%20Documents/CSCDCPIOM.pdf
1110,https://www.krack.com/en/commercial-refrigeration/Pages/default.aspx,https://www.krack.com/Technical%20Documents/LACC.pdf,https://www.krack.com/Technical%20Documents/CSCDCPIOM.pdf
1111,https://www.krack.com/en/commercial-refrigeration/Pages/default.aspx,https://www.krack.com/Technical%20Documents/LACC.pdf,https://www.krack.com/Technical%20Documents/CSCDCPIOM.pdf
1112,https://www.krack.com/en/commercial-refrigeration/Pages/default.aspx,https://www.krack.com/Technical%20Documents/LACC.pdf,https://www.krack.com/Technical%20Documents/CSCDCPIOM.pdf
1113,https://www.krack.com/en/commercial-refrigeration/Pages/default.aspx,https://www.krack.com/Technical%20Documents/LACC.pdf,https://www.krack.com/Technical%20Documents/CSCDCPIOM.pdf
1114,https://www.krack.com/en/commercial-refrigeration/Pages/default.aspx,https://www.krack.com/Technical%20Documents/LACC.pdf,https://www.krack.com/Technical%20Documents/CSCDCPIOM.pdf
1115,https://www.krack.com/en/commercial-refrigeration/Pages/default.aspx,https://www.krack.com/Technical%20Documents/LACC.pdf,https://www.krack.com/Technical%20Documents/CSCDCPIOM.pdf
1116,https://www.krack.com/en/commercial-refrigeration/Pages/default.aspx,https://www.krack.com/Technical%20Documents/LACC.pdf,https://www.krack.com/Technical%20Documents/CSCDCPIOM.pdf
1117,https://www.krack.com/en/commercial-refrigeration/Pages/default.aspx,https://www.krack.com/Technical%20Documents/LACC.pdf,https://www.krack.com/Technical%20Documents/CSCDCPIOM.pdf
1118,https://www.krack.com/en/commercial-refrigeration/Pages/default.aspx,https://www.krack.com/Technical%20Documents/LACC.pdf,https://www.krack.com/Technical%20Documents/CSCDCPIOM.pdf
1119,https://www.krack.com/en/commercial-refrigeration/Pages/default.aspx,https://www.krack.com/Technical%20Documents/LACC.pdf,https://www.krack.com/Technical%20Documents/CSCDCPIOM.pdf
1120,https://www.krack.com/en/commercial-refrigeration/Pages/default.aspx,https://www.krack.com/Technical%20Documents/LACC.pdf,https://www.krack.com/Technical%20Documents/CSCDCPIOM.pdf
1121,https://www.krack.com/en/commercial-refrigeration/Pages/default.aspx,https://www.krack.com/Technical%20Documents/LACC.pdf,https://www.krack.com/Technical%20Documents/CSCDCPIOM.pdf
1122,https://www.krack.com/en/commercial-refrigeration/Pages/default.aspx,https://www.krack.com/Technical%20Documents/LACC.pdf,https://www.krack.com/Technical%20Documents/CSCDCPIOM.pdf
1123,https://www.krack.com/en/commercial-refrigeration/Pages/default.aspx,https://www.krack.com/Technical%20Documents/LACC.pdf,https://www.krack.com/Technical%20Documents/CSCDCPIOM.pdf
1124,https://www.krack.com/en/commercial-refrigeration/Pages/default.aspx,https://www.krack.com/Technical%20Documents/LACC.pdf,https://www.krack.com/Technical%20Documents/CSCDCPIOM.pdf
1125,https://www.krack.com/en/commercial-refrigeration/Pages/default.aspx,https://www.krack.com/Technical%20Documents/LACC.pdf,https://www.krack.com/Technical%20Documents/CSCDCPIOM.pdf
1126,https://www.krack.com/en/commercial-refrigeration/Pages/default.aspx,https://www.krack.com/Technical%20Documents/LACC.pdf,https://www.krack.com/Technical%20Documents/CSCDCPIOM.pdf
1127,https://www.krack.com/en/commercial-refrigeration/Pages/default.aspx,https://www.krack.com/Technical%20Documents/LACC.pdf,https://www.krack.com/Technical%20Documents/CSCDCPIOM.pdf
1128,https://www.krack.com/en/commercial-refrigeration/Pages/default.aspx,https://www.krack.com/Technical%20Documents/LACC.pdf,https://www.krack.com/Technical%20Documents/CSCDCPIOM.pdf
1129,https://www.krack.com/en/commercial-refrigeration/Pages/default.aspx,https://www.krack.com/Technical%20Documents/LACC.pdf,https://www.krack.com/Technical%20Documents/CSCDCPIOM.pdf
1130,https://www.krack.com/en/commercial-refrigeration/Pages/default.aspx,https://www.krack.com/Technical%20Documents/LACC.pdf,https://www.krack.com/Technical%20Documents/CSCDCPIOM.pdf
1131,https://www.krack.com/en/commercial-refrigeration/Pages/default.aspx,https://www.krack.com/Technical%20Documents/LACC.pdf,https://www.krack.com/Technical%20Documents/CSCDCPIOM.pdf
1132,https://www.krack.com/en/commercial-refrigeration/Pages/default.aspx,https://www.krack.com/Technical%20Documents/LACC.pdf,https://www.krack.com/Technical%20Documents/CSCDCPIOM.pdf
1133,https://www.krack.com/en/commercial-refrigeration/Pages/default.aspx,https://www.krack.com/Technical%20Documents/LACC.pdf,https://www.krack.com/Technical%20Documents/CSCDCPIOM.pdf
1134,https://www.krack.com/en/commercial-refrigeration/Pages/default.aspx,https://www.krack.com/Technical%20Documents/LACC.pdf,https://www.krack.com/Technical%20Documents/CSCDCPIOM.pdf
1135,https://www.krack.com/en/commercial-refrigeration/Pages/default.aspx,https://www.krack.com/Technical%20Documents/LACC.pdf,https://www.krack.com/Technical%20Documents/CSCDCPIOM.pdf
1136,https://www.krack.com/en/commercial-refrigeration/Pages/default.aspx,https://www.krack.com/Technical%20Documents/LACC.pdf,https://www.krack.com/Technical%20Documents/CSCDCPIOM.pdf
1137,https://www.krack.com/en/commercial-refrigeration/Pages/default.aspx,https://www.krack.com/Technical%20Documents/LACC.pdf,https://www.krack.com/Technical%20Documents/CSCDCPIOM.pdf
1138,https://www.krack.com/en/commercial-refrigeration/Pages/default.aspx,https://www.krack.com/Technical%20Documents/LACC.pdf,https://www.krack.com/Technical%20Documents/CSCDCPIOM.pdf
1139,https://www.krack.com/en/commercial-refrigeration/Pages/default.aspx,https://www.krack.com/Technical%20Documents/LACC.pdf,https://www.krack.com/Technical%20Documents/CSCDCPIOM.pdf
1140,https://www.krack.com/en/commercial-refrigeration/Pages/default.aspx,https://www.krack.com/Technical%20Documents/LACC.pdf,https://www.krack.com/Technical%20Documents/CSCDCPIOM.pdf
1141,https://www.krack.com/en/commercial-refrigeration/Pages/default.aspx,https://www.krack.com/Technical%20Documents/LACC.pdf,https://www.krack.com/Technical%20Documents/CSCDCPIOM.pdf
1142,https://www.krack.com/en/commercial-refrigeration/Pages/default.aspx,https://www.krack.com/Technical%20Documents/LACC.pdf,https://www.krack.com/Technical%20Documents/CSCDCPIOM.pdf
1143,https://www.krack.com/en/commercial-refrigeration/Pages/default.aspx,https://www.krack.com/Technical%20Documents/LACC.pdf,https://www.krack.com/Technical%20Documents/CSCDCPIOM.pdf
1144,https://www.krack.com/en/commercial-refrigeration/Pages/default.aspx,https://www.krack.com/Technical%20Documents/LACC.pdf,https://www.krack.com/Technical%20Documents/CSCDCPIOM.pdf
1145,https://www.krack.com/en/commercial-refrigeration/Pages/default.aspx,https://www.krack.com/Technical%20Documents/LACC.pdf,https://www.krack.com/Technical%20Documents/CSCDCPIOM.pdf
1146,https://www.krack.com/en/commercial-refrigeration/Pages/default.aspx,https://www.krack.com/Technical%20Documents/LACC.pdf,https://www.krack.com/Technical%20Documents/CSCDCPIOM.pdf
1147,https://www.krack.com/en/commercial-refrigeration/Pages/default.aspx,https://www.krack.com/Technical%20Documents/LACC.pdf,https://www.krack.com/Technical%20Documents/CSCDCPIOM.pdf
1148,https://www.krack.com/en/commercial-refrigeration/Pages/default.aspx,https://www.krack.com/Technical%20Documents/LACC.pdf,https://www.krack.com/Technical%20Documents/CSCDCPIOM.pdf
1149,https://www.krack.com/en/commercial-refrigeration/Pages/default.aspx,https://www.krack.com/Technical%20Documents/LACC.pdf,https://www.krack.com/Technical%20Documents/CSCDCPIOM.pdf
1150,https://www.krack.com/en/commercial-refrigeration/Pages/default.aspx,https://www.krack.com/Technical%20Documents/LACC.pdf,https://www.krack.com/Technical%20Documents/CSCDCPIOM.pdf
1151,https://www.krack.com/en/commercial-refrigeration/Pages/default.aspx,https://www.krack.com/Technical%20Documents/LACC.pdf,https://www.krack.com/Technical%20Documents/CSCDCPIOM.pdf
1152,https://www.krack.com/en/commercial-refrigeration/Pages/default.aspx,https://www.krack.com/Technical%20Documents/LACC.pdf,https://www.krack.com/Technical%20Documents/CSCDCPIOM.pdf
1153,https://www.krack.com/en/commercial-refrigeration/Pages/default.aspx,https://www.krack.com/Technical%20Documents/LACC.pdf,https://www.krack.com/Technical%20Documents/CSCDCPIOM.pdf
1154,https://www.krack.com/en/commercial-refrigeration/Pages/default.aspx,https://www.krack.com/Technical%20Documents/LACC.pdf,https://www.krack.com/Technical%20Documents/CSCDCPIOM.pdf
1155,https://www.krack.com/en/commercial-refrigeration/Pages/default.aspx,https://www.krack.com/Technical%20Documents/LACC.pdf,https://www.krack.com/Technical%20Documents/CSCDCPIOM.pdf
1156,https://www.krack.com/en/commercial-refrigeration/Pages/default.aspx,https://www.krack.com/Technical%20Documents/LACC.pdf,https://www.krack.com/Technical%20Documents/CSCDCPIOM.pdf
1157,https://www.krack.com/en/commercial-refrigeration/Pages/default.aspx,https://www.krack.com/Technical%20Documents/LACC.pdf,https://www.krack.com/Technical%20Documents/CSCDCPIOM.pdf
1158,https://www.krack.com/en/commercial-refrigeration/Pages/default.aspx,https://www.krack.com/Technical%20Documents/LACC.pdf,https://www.krack.com/Technical%20Documents/CSCDCPIOM.pdf
1159,https://www.krack.com/en/commercial-refrigeration/Pages/default.aspx,https://www.krack.com/Technical%20Documents/LACC.pdf,https://www.krack.com/Technical%20Documents/CSCDCPIOM.pdf
1160,https://www.krack.com/en/commercial-refrigeration/Pages/default.aspx,https://www.krack.com/Technical%20Documents/LACC.pdf,https://www.krack.com/Technical%20Documents/CSCDCPIOM.pdf
1161,https://www.krack.com/en/commercial-refrigeration/Pages/default.aspx,https://www.krack.com/Technical%20Documents/LACC.pdf,https://www.krack.com/Technical%20Documents/CSCDCPIOM.pdf
1162,https://www.krack.com/en/commercial-refrigeration/Pages/default.aspx,https://www.krack.com/Technical%20Documents/LACC.pdf,https://www.krack.com/Technical%20Documents/CSCDCPIOM.pdf
1163,https://www.krack.com/en/commercial-refrigeration/Pages/default.aspx,https://www.krack.com/Technical%20Documents/LACC.pdf,https://www.krack.com/Technical%20Documents/CSCDCPIOM.pdf
1164,https://www.krack.com/en/commercial-refrigeration/Pages/default.aspx,https://www.krack.com/Technical%20Documents/LACC.pdf,https://www.krack.com/Technical%20Documents/CSCDCPIOM.pdf
1165,https://www.krack.com/en/commercial-refrigeration/Pages/default.aspx,https://www.krack.com/Technical%20Documents/LACC.pdf,https://www.krack.com/Technical%20Documents/CSCDCPIOM.pdf
1166,https://www.krack.com/en/commercial-refrigeration/Pages/default.aspx,https://www.krack.com/Technical%20Documents/LACC.pdf,https://www.krack.com/Technical%20Documents/CSCDCPIOM.pdf
1167,https://www.krack.com/en/commercial-refrigeration/Pages/default.aspx,https://www.krack.com/Technical%20Documents/LACC.pdf,https://www.krack.com/Technical%20Documents/CSCDCPIOM.pdf
1168,https://www.krack.com/en/commercial-refrigeration/Pages/default.aspx,https://www.krack.com/Technical%20Documents/LACC.pdf,https://www.krack.com/Technical%20Documents/CSCDCPIOM.pdf
1169,https://www.krack.com/en/commercial-refrigeration/Pages/default.aspx,https://www.krack.com/Technical%20Documents/LACC.pdf,https://www.krack.com/Technical%20Documents/CSCDCPIOM.pdf
1170,https://www.krack.com/en/commercial-refrigeration/Pages/default.aspx,https://www.krack.com/Technical%20Documents/LACC.pdf,https://www.krack.com/Technical%20Documents/CSCDCPIOM.pdf
1171,https://www.krack.com/en/commercial-refrigeration/Pages/default.aspx,https://www.krack.com/Technical%20Documents/LACC.pdf,https://www.krack.com/Technical%20Documents/CSCDCPIOM.pdf
1172,https://www.krack.com/en/commercial-refrigeration/Pages/default.aspx,https://www.krack.com/Technical%20Documents/LACC.pdf,https://www.krack.com/Technical%20Documents/CSCDCPIOM.pdf
1173,https://www.krack.com/en/commercial-refrigeration/Pages/default.aspx,https://www.krack.com/Technical%20Documents/LACC.pdf,https://www.krack.com/Technical%20Documents/CSCDCPIOM.pdf
1174,https://www.krack.com/en/commercial-refrigeration/Pages/default.aspx,https://www.krack.com/Technical%20Documents/LACC.pdf,https://www.krack.com/Technical%20Documents/CSCDCPIOM.pdf
1175,https://www.krack.com/en/commercial-refrigeration/Pages/default.aspx,https://www.krack.com/Technical%20Documents/LACC.pdf,https://www.krack.com/Technical%20Documents/CSCDCPIOM.pdf
1176,https://www.krack.com/en/commercial-refrigeration/Pages/default.aspx,https://www.krack.com/Technical%20Documents/LACC.pdf,https://www.krack.com/Technical%20Documents/CSCDCPIOM.pdf
1177,https://www.krack.com/en/commercial-refrigeration/Pages/default.aspx,https://www.krack.com/Technical%20Documents/LACC.pdf,https://www.krack.com/Technical%20Documents/CSCDCPIOM.pdf
1178,https://www.krack.com/en/commercial-refrigeration/Pages/default.aspx,https://www.krack.com/Technical%20Documents/LACC.pdf,https://www.krack.com/Technical%20Documents/CSCDCPIOM.pdf
1179,https://www.krack.com/en/commercial-refrigeration/Pages/default.aspx,https://www.krack.com/Technical%20Documents/LACC.pdf,https://www.krack.com/Technical%20Documents/CSCDCPIOM.pdf
1180,https://www.krack.com/en/commercial-refrigeration/Pages/default.aspx,https://www.krack.com/Technical%20Documents/LACC.pdf,https://www.krack.com/Technical%20Documents/CSCDCPIOM.pdf
1181,https://www.krack.com/en/commercial-refrigeration/Pages/default.aspx,https://www.krack.com/Technical%20Documents/LACC.pdf,https://www.krack.com/Technical%20Documents/CSCDCPIOM.pdf
1182,https://www.krack.com/en/commercial-refrigeration/Pages/default.aspx,https://www.krack.com/Technical%20Documents/LACC.pdf,https://www.krack.com/Technical%20Documents/CSCDCPIOM.pdf
1183,https://www.krack.com/en/commercial-refrigeration/Pages/default.aspx,https://www.krack.com/Technical%20Documents/LACC.pdf,https://www.krack.com/Technical%20Documents/CSCDCPIOM.pdf
1184,https://www.krack.com/en/commercial-refrigeration/Pages/default.aspx,https://www.krack.com/Technical%20Documents/LACC.pdf,https://www.krack.com/Technical%20Documents/CSCDCPIOM.pdf
1185,https://www.krack.com/en/commercial-refrigeration/Pages/default.aspx,https://www.krack.com/Technical%20Documents/LACC.pdf,https://www.krack.com/Technical%20Documents/CSCDCPIOM.pdf
1186,https://www.krack.com/en/commercial-refrigeration/Pages/default.aspx,https://www.krack.com/Technical%20Documents/LACC.pdf,https://www.krack.com/Technical%20Documents/CSCDCPIOM.pdf
1187,https://www.krack.com/en/commercial-refrigeration/Pages/default.aspx,https://www.krack.com/Technical%20Documents/LACC.pdf,https://www.krack.com/Technical%20Documents/CSCDCPIOM.pdf
1188,https://www.krack.com/en/commercial-refrigeration/Pages/default.aspx,https://www.krack.com/Technical%20Documents/LACC.pdf,https://www.krack.com/Technical%20Documents/CSCDCPIOM.pdf
1189,https://www.krack.com/en/commercial-refrigeration/Pages/default.aspx,https://www.krack.com/Technical%20Documents/LACC.pdf,https://www.krack.com/Technical%20Documents/CSCDCPIOM.pdf
1190,https://www.krack.com/en/commercial-refrigeration/Pages/default.aspx,https://www.krack.com/Technical%20Documents/LACC.pdf,https://www.krack.com/Technical%20Documents/CSCDCPIOM.pdf
1191,https://www.krack.com/en/commercial-refrigeration/Pages/default.aspx,https://www.krack.com/Technical%20Documents/LACC.pdf,https://www.krack.com/Technical%20Documents/CSCDCPIOM.pdf
1192,https://www.krack.com/en/commercial-refrigeration/Pages/default.aspx,https://www.krack.com/Technical%20Documents/LACC.pdf,https://www.krack.com/Technical%20Documents/CSCDCPIOM.pdf
1193,https://www.krack.com/en/commercial-refrigeration/Pages/default.aspx,https://www.krack.com/Technical%20Documents/LACC.pdf,https://www.krack.com/Technical%20Documents/CSCDCPIOM.pdf
1194,https://www.krack.com/en/commercial-refrigeration/Pages/default.aspx,https://www.krack.com/Technical%20Documents/LACC.pdf,https://www.krack.com/Technical%20Documents/CSCDCPIOM.pdf
1195,https://www.krack.com/en/commercial-refrigeration/Pages/default.aspx,https://www.krack.com/Technical%20Documents/LACC.pdf,https://www.krack.com/Technical%20Documents/CSCDCPIOM.pdf
1196,https://www.krack.com/en/commercial-refrigeration/Pages/default.aspx,https://www.krack.com/Technical%20Documents/LACC.pdf,https://www.krack.com/Technical%20Documents/CSCDCPIOM.pdf
1197,https://www.krack.com/en/commercial-refrigeration/Pages/default.aspx,https://www.krack.com/Technical%20Documents/LACC.pdf,https://www.krack.com/Technical%20Documents/CSCDCPIOM.pdf
1198,https://www.krack.com/en/commercial-refrigeration/Pages/default.aspx,https://www.krack.com/Technical%20Documents/LACC.pdf,https://www.krack.com/Technical%20Documents/CSCDCPIOM.pdf
1199,https://www.krack.com/en/commercial-refrigeration/Pages/default.aspx,https://www.krack.com/Technical%20Documents/LACC.pdf,https://www.krack.com/Technical%20Documents/CSCDCPIOM.pdf
1200,https://www.krack.com/en/commercial-refrigeration/Pages/default.aspx,https://www.krack.com/Technical%20Documents/LACC.pdf,https://www.krack.com/Technical%20Documents/CSCDCPIOM.pdf
1201,https://www.krack.com/en/commercial-refrigeration/Pages/default.aspx,https://www.krack.com/Technical%20Documents/LACC.pdf,https://www.krack.com/Technical%20Documents/CSCDCPIOM.pdf
1202,https://www.krack.com/en/commercial-refrigeration/Pages/default.aspx,https://www.krack.com/Technical%20Documents/LACC.pdf,https://www.krack.com/Technical%20Documents/CSCDCPIOM.pdf
1203,https://www.krack.com/en/commercial-refrigeration/Pages/default.aspx,https://www.krack.com/Technical%20Documents/LACC.pdf,https://www.krack.com/Technical%20Documents/CSCDCPIOM.pdf
1204,https://www.krack.com/en/commercial-refrigeration/Pages/default.aspx,https://www.krack.com/Technical%20Documents/LACC.pdf,https://www.krack.com/Technical%20Documents/CSCDCPIOM.pdf
1205,https://www.krack.com/en/commercial-refrigeration/Pages/default.aspx,https://www.krack.com/Technical%20Documents/LACC.pdf,https://www.krack.com/Technical%20Documents/CSCDCPIOM.pdf
1206,https://www.krack.com/en/commercial-refrigeration/Pages/default.aspx,https://www.krack.com/Technical%20Documents/LACC.pdf,https://www.krack.com/Technical%20Documents/CSCDCPIOM.pdf
1207,https://www.krack.com/en/commercial-refrigeration/Pages/default.aspx,https://www.krack.com/Technical%20Documents/LACC.pdf,https://www.krack.com/Technical%20Documents/CSCDCPIOM.pdf
1208,https://www.krack.com/en/commercial-refrigeration/Pages/default.aspx,https://www.krack.com/Technical%20Documents/LACC.pdf,https://www.krack.com/Technical%20Documents/CSCDCPIOM.pdf
1209,https://www.krack.com/en/commercial-refrigeration/Pages/default.aspx,https://www.krack.com/Technical%20Documents/LACC.pdf,https://www.krack.com/Technical%20Documents/CSCDCPIOM.pdf
1210,https://www.krack.com/en/commercial-refrigeration/Pages/default.aspx,https://www.krack.com/Technical%20Documents/LACC.pdf,https://www.krack.com/Technical%20Documents/CSCDCPIOM.pdf
1211,https://www.krack.com/en/commercial-refrigeration/Pages/default.aspx,https://www.krack.com/Technical%20Documents/LACC.pdf,https://www.krack.com/Technical%20Documents/CSCDCPIOM.pdf
1212,https://www.krack.com/en/commercial-refrigeration/Pages/default.aspx,https://www.krack.com/Technical%20Documents/LACC.pdf,https://www.krack.com/Technical%20Documents/CSCDCPIOM.pdf
1213,https://www.krack.com/en/commercial-refrigeration/Pages/default.aspx,https://www.krack.com/Technical%20Documents/LACC.pdf,https://www.krack.com/Technical%20Documents/CSCDCPIOM.pdf
1214,https://www.krack.com/en/commercial-refrigeration/Pages/default.aspx,https://www.krack.com/Technical%20Documents/LACC.pdf,https://www.krack.com/Technical%20Documents/CSCDCPIOM.pdf
1215,https://www.krack.com/en/commercial-refrigeration/Pages/default.aspx,https://www.krack.com/Technical%20Documents/LACC.pdf,https://www.krack.com/Technical%20Documents/CSCDCPIOM.pdf
1216,https://www.krack.com/en/commercial-refrigeration/Pages/default.aspx,https://www.krack.com/Technical%20Documents/LACC.pdf,https://www.krack.com/Technical%20Documents/CSCDCPIOM.pdf
1217,https://www.krack.com/en/commercial-refrigeration/Pages/default.aspx,https://www.krack.com/Technical%20Documents/LACC.pdf,https://www.krack.com/Technical%20Documents/CSCDCPIOM.pdf
1218,https://www.krack.com/en/commercial-refrigeration/Pages/default.aspx,https://www.krack.com/Technical%20Documents/LACC.pdf,https://www.krack.com/Technical%20Documents/CSCDCPIOM.pdf
1219,https://www.krack.com/en/commercial-refrigeration/Pages/default.aspx,https://www.krack.com/Technical%20Documents/LACC.pdf,https://www.krack.com/Technical%20Documents/CSCDCPIOM.pdf
1220,https://www.krack.com/en/commercial-refrigeration/Pages/default.aspx,https://www.krack.com/Technical%20Documents/LACC.pdf,https://www.krack.com/Technical%20Documents/CSCDCPIOM.pdf
1221,https://www.krack.com/en/commercial-refrigeration/Pages/default.aspx,https://www.krack.com/Technical%20Documents/LACC.pdf,https://www.krack.com/Technical%20Documents/CSCDCPIOM.pdf
1222,https://www.krack.com/en/commercial-refrigeration/Pages/default.aspx,https://www.krack.com/Technical%20Documents/LACC.pdf,https://www.krack.com/Technical%20Documents/CSCDCPIOM.pdf
1223,https://www.krack.com/en/commercial-refrigeration/Pages/default.aspx,https://www.krack.com/Technical%20Documents/LACC.pdf,https://www.krack.com/Technical%20Documents/CSCDCPIOM.pdf
1224,https://www.krack.com/en/commercial-refrigeration/Pages/default.aspx,https://www.krack.com/Technical%20Documents/LACC.pdf,https://www.krack.com/Technical%20Documents/CSCDCPIOM.pdf
1225,https://www.krack.com/en/commercial-refrigeration/Pages/default.aspx,https://www.krack.com/Technical%20Documents/LACC.pdf,https://www.krack.com/Technical%20Documents/CSCDCPIOM.pdf
1226,https://www.krack.com/en/commercial-refrigeration/Pages/default.aspx,https://www.krack.com/Technical%20Documents/LACC.pdf,https://www.krack.com/Technical%20Documents/CSCDCPIOM.pdf
1227,https://www.krack.com/en/commercial-refrigeration/Pages/default.aspx,https://www.krack.com/Technical%20Documents/LACC.pdf,https://www.krack.com/Technical%20Documents/CSCDCPIOM.pdf
1228,https://www.krack.com/en/commercial-refrigeration/Pages/default.aspx,https://www.krack.com/Technical%20Documents/LACC.pdf,https://www.krack.com/Technical%20Documents/CSCDCPIOM.pdf
1229,https://www.krack.com/en/commercial-refrigeration/Pages/default.aspx,https://www.krack.com/Technical%20Documents/LACC.pdf,https://www.krack.com/Technical%20Documents/CSCDCPIOM.pdf
1230,https://www.krack.com/en/commercial-refrigeration/Pages/default.aspx,https://www.krack.com/Technical%20Documents/LACC.pdf,https://www.krack.com/Technical%20Documents/CSCDCPIOM.pdf
1231,https://www.krack.com/en/commercial-refrigeration/Pages/default.aspx,https://www.krack.com/Technical%20Documents/LACC.pdf,https://www.krack.com/Technical%20Documents/CSCDCPIOM.pdf
1232,https://www.krack.com/en/commercial-refrigeration/Pages/default.aspx,https://www.krack.com/Technical%20Documents/LACC.pdf,https://www.krack.com/Technical%20Documents/CSCDCPIOM.pdf
1233,https://www.krack.com/en/commercial-refrigeration/Pages/default.aspx,https://www.krack.com/Technical%20Documents/LACC.pdf,https://www.krack.com/Technical%20Documents/CSCDCPIOM.pdf
1234,https://www.krack.com/en/commercial-refrigeration/Pages/default.aspx,https://www.krack.com/Technical%20Documents/LACC.pdf,https://www.krack.com/Technical%20Documents/CSCDCPIOM.pdf
1235,https://www.krack.com/en/commercial-refrigeration/Pages/default.aspx,https://www.krack.com/Technical%20Documents/LACC.pdf,https://www.krack.com/Technical%20Documents/CSCDCPIOM.pdf
1236,https://www.krack.com/en/commercial-refrigeration/Pages/default.aspx,https://www.krack.com/Technical%20Documents/LACC.pdf,https://www.krack.com/Technical%20Documents/CSCDCPIOM.pdf
1237,https://www.krack.com/en/commercial-refrigeration/Pages/default.aspx,https://www.krack.com/Technical%20Documents/LACC.pdf,https://www.krack.com/Technical%20Documents/CSCDCPIOM.pdf
1238,https://www.krack.com/en/commercial-refrigeration/Pages/default.aspx,https://www.krack.com/Technical%20Documents/LACC.pdf,https://www.krack.com/Technical%20Documents/CSCDCPIOM.pdf
1239,https://www.krack.com/en/commercial-refrigeration/Pages/default.aspx,https://www.krack.com/Technical%20Documents/LACC.pdf,https://www.krack.com/Technical%20Documents/CSCDCPIOM.pdf
1240,https://www.krack.com/en/commercial-refrigeration/Pages/default.aspx,https://www.krack.com/Technical%20Documents/LACC.pdf,https://www.krack.com/Technical%20Documents/CSCDCPIOM.pdf
1241,https://www.krack.com/en/commercial-refrigeration/Pages/default.aspx,https://www.krack.com/Technical%20Documents/LACC.pdf,https://www.krack.com/Technical%20Documents/CSCDCPIOM.pdf
1242,https://www.krack.com/en/commercial-refrigeration/Pages/default.aspx,https://www.krack.com/Technical%20Documents/LACC.pdf,https://www.krack.com/Technical%20Documents/CSCDCPIOM.pdf
1243,https://www.krack.com/en/commercial-refrigeration/Pages/default.aspx,https://www.krack.com/Technical%20Documents/LACC.pdf,https://www.krack.com/Technical%20Documents/CSCDCPIOM.pdf
1244,https://www.krack.com/en/commercial-refrigeration/Pages/default.aspx,https://www.krack.com/Technical%20Documents/LACC.pdf,https://www.krack.com/Technical%20Documents/CSCDCPIOM.pdf
1245,https://www.krack.com/en/commercial-refrigeration/Pages/default.aspx,https://www.krack.com/Technical%20Documents/LACC.pdf,https://www.krack.com/Technical%20Documents/CSCDCPIOM.pdf
1246,https://www.krack.com/en/commercial-refrigeration/Pages/default.aspx,https://www.krack.com/Technical%20Documents/LACC.pdf,https://www.krack.com/Technical%20Documents/CSCDCPIOM.pdf
1247,https://www.krack.com/en/commercial-refrigeration/Pages/default.aspx,https://www.krack.com/Technical%20Documents/LACC.pdf,https://www.krack.com/Technical%20Documents/CSCDCPIOM.pdf
1248,https://www.krack.com/en/commercial-refrigeration/Pages/default.aspx,https://www.krack.com/Technical%20Documents/LACC.pdf,https://www.krack.com/Technical%20Documents/CSCDCPIOM.pdf
1249,https://www.krack.com/en/commercial-refrigeration/Pages/default.aspx,https://www.krack.com/Technical%20Documents/LACC.pdf,https://www.krack.com/Technical%20Documents/CSCDCPIOM.pdf
1250,https://www.krack.com/en/commercial-refrigeration/Pages/default.aspx,https://www.krack.com/Technical%20Documents/LACC.pdf,https://www.krack.com/Technical%20Documents/CSCDCPIOM.pdf
1251,https://www.krack.com/en/commercial-refrigeration/Pages/default.aspx,https://www.krack.com/Technical%20Documents/LACC.pdf,https://www.krack.com/Technical%20Documents/CSCDCPIOM.pdf
1252,https://www.krack.com/en/commercial-refrigeration/Pages/default.aspx,https://www.krack.com/Technical%20Documents/LACC.pdf,https://www.krack.com/Technical%20Documents/CSCDCPIOM.pdf
1253,https://www.krack.com/en/commercial-refrigeration/Pages/default.aspx,https://www.krack.com/Technical%20Documents/LACC.pdf,https://www.krack.com/Technical%20Documents/CSCDCPIOM.pdf
1254,https://www.krack.com/en/commercial-refrigeration/Pages/default.aspx,https://www.krack.com/Technical%20Documents/LACC.pdf,https://www.krack.com/Technical%20Documents/CSCDCPIOM.pdf
1255,https://www.krack.com/en/commercial-refrigeration/Pages/default.aspx,https://www.krack.com/Technical%20Documents/LACC.pdf,https://www.krack.com/Technical%20Documents/CSCDCPIOM.pdf
1256,https://www.krack.com/en/commercial-refrigeration/Pages/default.aspx,https://www.krack.com/Technical%20Documents/LACC.pdf,https://www.krack.com/Technical%20Documents/CSCDCPIOM.pdf
1257,https://www.krack.com/en/commercial-refrigeration/Pages/default.aspx,https://www.krack.com/Technical%20Documents/LACC.pdf,https://www.krack.com/Technical%20Documents/CSCDCPIOM.pdf
1258,https://www.krack.com/en/commercial-refrigeration/Pages/default.aspx,https://www.krack.com/Technical%20Documents/LACC.pdf,https://www.krack.com/Technical%20Documents/CSCDCPIOM.pdf
1259,https://www.krack.com/en/commercial-refrigeration/Pages/default.aspx,https://www.krack.com/Technical%20Documents/LACC.pdf,https://www.krack.com/Technical%20Documents/CSCDCPIOM.pdf
1260,https://www.krack.com/en/commercial-refrigeration/Pages/default.aspx,https://www.krack.com/Technical%20Documents/LACC.pdf,https://www.krack.com/Technical%20Documents/CSCDCPIOM.pdf
1261,https://www.krack.com/en/commercial-refrigeration/Pages/default.aspx,https://www.krack.com/Technical%20Documents/LACC.pdf,https://www.krack.com/Technical%20Documents/CSCDCPIOM.pdf
1262,https://www.krack.com/en/commercial-refrigeration/Pages/default.aspx,https://www.krack.com/Technical%20Documents/LACC.pdf,https://www.krack.com/Technical%20Documents/CSCDCPIOM.pdf
1263,https://www.krack.com/en/commercial-refrigeration/Pages/default.aspx,https://www.krack.com/Technical%20Documents/LACC.pdf,https://www.krack.com/Technical%20Documents/CSCDCPIOM.pdf
1264,https://www.krack.com/en/commercial-refrigeration/Pages/default.aspx,https://www.krack.com/Technical%20Documents/LACC.pdf,https://www.krack.com/Technical%20Documents/CSCDCPIOM.pdf
1265,https://www.krack.com/en/commercial-refrigeration/Pages/default.aspx,https://www.krack.com/Technical%20Documents/LACC.pdf,https://www.krack.com/Technical%20Documents/CSCDCPIOM.pdf
1266,https://www.krack.com/en/commercial-refrigeration/Pages/default.aspx,https://www.krack.com/Technical%20Documents/LACC.pdf,https://www.krack.com/Technical%20Documents/CSCDCPIOM.pdf
1267,https://www.krack.com/en/commercial-refrigeration/Pages/default.aspx,https://www.krack.com/Technical%20Documents/LACC.pdf,https://www.krack.com/Technical%20Documents/CSCDCPIOM.pdf
1268,https://www.krack.com/en/commercial-refrigeration/Pages/default.aspx,https://www.krack.com/Technical%20Documents/LACC.pdf,https://www.krack.com/Technical%20Documents/CSCDCPIOM.pdf
1269,https://www.krack.com/en/commercial-refrigeration/Pages/default.aspx,https://www.krack.com/Technical%20Documents/LACC.pdf,https://www.krack.com/Technical%20Documents/CSCDCPIOM.pdf
1270,https://www.krack.com/en/commercial-refrigeration/Pages/default.aspx,https://www.krack.com/Technical%20Documents/LACC.pdf,https://www.krack.com/Technical%20Documents/CSCDCPIOM.pdf
1271,https://www.krack.com/en/commercial-refrigeration/Pages/default.aspx,https://www.krack.com/Technical%20Documents/LACC.pdf,https://www.krack.com/Technical%20Documents/CSCDCPIOM.pdf
1272,https://www.krack.com/en/commercial-refrigeration/Pages/default.aspx,https://www.krack.com/Technical%20Documents/LACC.pdf,https://www.krack.com/Technical%20Documents/CSCDCPIOM.pdf
1273,https://www.krack.com/en/commercial-refrigeration/Pages/default.aspx,https://www.krack.com/Technical%20Documents/LACC.pdf,https://www.krack.com/Technical%20Documents/CSCDCPIOM.pdf
1274,https://www.krack.com/en/commercial-refrigeration/Pages/default.aspx,https://www.krack.com/Technical%20Documents/LACC.pdf,https://www.krack.com/Technical%20Documents/CSCDCPIOM.pdf
1275,https://www.krack.com/en/commercial-refrigeration/Pages/default.aspx,https://www.krack.com/Technical%20Documents/LACC.pdf,https://www.krack.com/Technical%20Documents/CSCDCPIOM.pdf
1276,https://www.krack.com/en/commercial-refrigeration/Pages/default.aspx,https://www.krack.com/Technical%20Documents/LACC.pdf,https://www.krack.com/Technical%20Documents/CSCDCPIOM.pdf
1277,https://www.krack.com/en/commercial-refrigeration/Pages/default.aspx,https://www.krack.com/Technical%20Documents/LACC.pdf,https://www.krack.com/Technical%20Documents/CSCDCPIOM.pdf
1278,https://www.krack.com/en/commercial-refrigeration/Pages/default.aspx,https://www.krack.com/Technical%20Documents/LACC.pdf,https://www.krack.com/Technical%20Documents/CSCDCPIOM.pdf
1279,https://www.krack.com/en/commercial-refrigeration/Pages/default.aspx,https://www.krack.com/Technical%20Documents/LACC.pdf,https://www.krack.com/Technical%20Documents/CSCDCPIOM.pdf
1280,https://www.krack.com/en/commercial-refrigeration/Pages/default.aspx,https://www.krack.com/Technical%20Documents/LACC.pdf,https://www.krack.com/Technical%20Documents/CSCDCPIOM.pdf
1281,https://www.krack.com/en/commercial-refrigeration/Pages/default.aspx,https://www.krack.com/Technical%20Documents/LACC.pdf,https://www.krack.com/Technical%20Documents/CSCDCPIOM.pdf
1282,https://www.krack.com/en/commercial-refrigeration/Pages/default.aspx,https://www.krack.com/Technical%20Documents/LACC.pdf,https://www.krack.com/Technical%20Documents/CSCDCPIOM.pdf
1283,https://www.krack.com/en/commercial-refrigeration/Pages/default.aspx,https://www.krack.com/Technical%20Documents/LACC.pdf,https://www.krack.com/Technical%20Documents/CSCDCPIOM.pdf
1284,https://www.krack.com/en/commercial-refrigeration/Pages/default.aspx,https://www.krack.com/Technical%20Documents/LACC.pdf,https://www.krack.com/Technical%20Documents/CSCDCPIOM.pdf
1285,https://www.krack.com/en/commercial-refrigeration/Pages/default.aspx,https://www.krack.com/Technical%20Documents/LACC.pdf,https://www.krack.com/Technical%20Documents/CSCDCPIOM.pdf
1286,https://www.krack.com/en/commercial-refrigeration/Pages/default.aspx,https://www.krack.com/Technical%20Documents/LACC.pdf,https://www.krack.com/Technical%20Documents/CSCDCPIOM.pdf
1287,https://www.krack.com/en/commercial-refrigeration/Pages/default.aspx,https://www.krack.com/Technical%20Documents/LACC.pdf,https://www.krack.com/Technical%20Documents/CSCDCPIOM.pdf
1288,https://www.krack.com/en/commercial-refrigeration/Pages/default.aspx,https://www.krack.com/Technical%20Documents/LACC.pdf,https://www.krack.com/Technical%20Documents/CSCDCPIOM.pdf
1289,https://www.krack.com/en/commercial-refrigeration/Pages/default.aspx,https://www.krack.com/Technical%20Documents/LACC.pdf,https://www.krack.com/Technical%20Documents/CSCDCPIOM.pdf
1290,https://www.krack.com/en/commercial-refrigeration/Pages/default.aspx,https://www.krack.com/Technical%20Documents/LACC.pdf,https://www.krack.com/Technical%20Documents/CSCDCPIOM.pdf
1291,https://www.krack.com/en/commercial-refrigeration/Pages/default.aspx,https://www.krack.com/Technical%20Documents/LACC.pdf,https://www.krack.com/Technical%20Documents/CSCDCPIOM.pdf
1292,https://www.krack.com/en/commercial-refrigeration/Pages/default.aspx,https://www.krack.com/Technical%20Documents/LACC.pdf,https://www.krack.com/Technical%20Documents/CSCDCPIOM.pdf
1293,https://www.krack.com/en/commercial-refrigeration/Pages/default.aspx,https://www.krack.com/Technical%20Documents/LACC.pdf,https://www.krack.com/Technical%20Documents/CSCDCPIOM.pdf
